record_id,split,legacy_temperature_k,assistant_event_assessment,evidence_available,source_role,source_url,doi,candidate_family,family_validated,structure_match_status,sample_conditions_verified,independent_review_complete,training_eligible,issues,assistant_note,api_status,api_semantic_flags,api_events_json
0.782_NdScO3,test,953.0,unknown,True,primary_abstract_search_excerpt,https://www.sciencedirect.com/science/article/pii/S0921452696010678,10.1016/S0921-4526(96)01067-8,,False,unverified,False,False,False,unit_conflict_1000_fold;event_type_unknown,0.953 K conflicts with 953 K. Symbol Tc does not establish a Curie event.,schema_and_quote_valid,,"[{""material_formula"": ""NdScO3"", ""type"": ""unknown"", ""temperature_k"": 0.953, ""uncertainty_k"": null, ""qualifier"": ""reported_value"", ""sublattice"": null, ""sample_conditions"": null, ""quote"": ""below its phase transition (Tc = 0.953 K)""}]"
0.639_Mn2Au,train,1000.0,neel,True,cited_background,https://www.nature.com/articles/s41467-023-41569-z,10.1038/s41467-023-41569-z,,False,unverified,False,False,False,lower_bound_lost;neel_not_curie,"1000 is a lower bound in this background statement, not an exact Curie value. Original measurement/extrapolation must be traced.",schema_and_quote_valid,,"[{""material_formula"": ""Mn2Au"", ""type"": ""neel"", ""temperature_k"": 1000, ""uncertainty_k"": null, ""qualifier"": ""lower_bound"", ""sublattice"": null, ""sample_conditions"": null, ""quote"": ""Mn2Au is a metallic collinear antiferromagnet with a high Néel temperature above 1000 K.""}]"
0.108_Mn3Ir,train,960.0,neel,True,cited_background,https://www.nature.com/articles/ncomms3892,10.1038/ncomms3892,Cu3Au_type_candidate,False,unverified,False,False,False,neel_not_curie;original_measurement_pending,"Cited comparison compound, not the material measured in this paper; trace reference 14.",schema_and_quote_valid,,"[{""material_formula"": ""Mn3Ir"", ""type"": ""neel"", ""temperature_k"": 960, ""uncertainty_k"": null, ""qualifier"": ""reported_value"", ""sublattice"": null, ""sample_conditions"": null, ""quote"": ""Mn3Ir (TN=960 K)""}]"
0.186_CeMnAsO,train,347.0,neel,True,primary_author_institution_abstract,https://impact.ornl.gov/en/publications/spin-reorientation-and-ce-mn-coupling-in-antiferromagnetic-oxypni/,10.1103/PhysRevB.91.064418,1111_oxypnictide_candidate,False,unverified,False,False,False,neel_not_curie;multiple_events_same_cif,Previously sourced diagnostic; requires independent review and structure matching.,schema_and_quote_valid,,"[{""material_formula"": ""CeMnAsO"", ""type"": ""neel"", ""temperature_k"": 347, ""uncertainty_k"": 1, ""qualifier"": ""reported_value"", ""sublattice"": null, ""sample_conditions"": null, ""quote"": ""Néel temperature of TN=347(1) K.""}, {""material_formula"": ""CeMnAsO"", ""type"": ""spin_reorientation"", ""temperature_k"": 35, ""uncertainty_k"": null, ""qualifier"": ""unknown"", ""sublattice"": null, ""sample_conditions"": null, ""quote"": ""Below TSR=35 K""}, {""material_formula"": ""CeMnAsO"", ""type"": ""other"", ""temperature_k"": 7, ""uncertainty_k"": null, ""qualifier"": ""upper_bound"", ""sublattice"": null, ""sample_conditions"": null, ""quote"": ""Another transition to a noncollinear magnetic structure occurs below 7 K.""}]"
0.187_CeMnAsO,train,35.0,spin_reorientation_and_neel,True,primary_author_institution_abstract,https://impact.ornl.gov/en/publications/spin-reorientation-and-ce-mn-coupling-in-antiferromagnetic-oxypni/,10.1103/PhysRevB.91.064418,1111_oxypnictide_candidate,False,unverified,False,False,False,spin_reorientation_and_sublattice_order;multiple_events_same_cif,Previously sourced diagnostic; requires independent review and structure matching.,schema_and_quote_valid,,"[{""material_formula"": ""CeMnAsO"", ""type"": ""neel"", ""temperature_k"": 347, ""uncertainty_k"": 1, ""qualifier"": ""reported_value"", ""sublattice"": null, ""sample_conditions"": null, ""quote"": ""Néel temperature of TN=347(1) K.""}, {""material_formula"": ""CeMnAsO"", ""type"": ""spin_reorientation"", ""temperature_k"": 35, ""uncertainty_k"": null, ""qualifier"": ""unknown"", ""sublattice"": null, ""sample_conditions"": null, ""quote"": ""Below TSR=35 K""}, {""material_formula"": ""CeMnAsO"", ""type"": ""other"", ""temperature_k"": 7, ""uncertainty_k"": null, ""qualifier"": ""upper_bound"", ""sublattice"": null, ""sample_conditions"": null, ""quote"": ""Another transition to a noncollinear magnetic structure occurs below 7 K.""}]"
0.188_CeMnAsO,train,7.0,other,True,primary_author_institution_abstract,https://impact.ornl.gov/en/publications/spin-reorientation-and-ce-mn-coupling-in-antiferromagnetic-oxypni/,10.1103/PhysRevB.91.064418,1111_oxypnictide_candidate,False,unverified,False,False,False,below_not_exact;multiple_events_same_cif,Previously sourced diagnostic; requires independent review and structure matching.,schema_and_quote_valid,,"[{""material_formula"": ""CeMnAsO"", ""type"": ""neel"", ""temperature_k"": 347, ""uncertainty_k"": 1, ""qualifier"": ""reported_value"", ""sublattice"": null, ""sample_conditions"": null, ""quote"": ""Néel temperature of TN=347(1) K.""}, {""material_formula"": ""CeMnAsO"", ""type"": ""spin_reorientation"", ""temperature_k"": 35, ""uncertainty_k"": null, ""qualifier"": ""unknown"", ""sublattice"": null, ""sample_conditions"": null, ""quote"": ""Below TSR=35 K""}, {""material_formula"": ""CeMnAsO"", ""type"": ""other"", ""temperature_k"": 7, ""uncertainty_k"": null, ""qualifier"": ""upper_bound"", ""sublattice"": null, ""sample_conditions"": null, ""quote"": ""Another transition to a noncollinear magnetic structure occurs below 7 K.""}]"
0.426_EuMnBi2,train,315.0,neel,True,accepted_manuscript_search_excerpt,https://link.aps.org/accepted/10.1103/PhysRevLett.122.127207,10.1103/PhysRevLett.122.127207,AMnBi2_candidate,False,unverified,False,False,False,neel_not_curie;multiple_events_same_cif,Previously sourced diagnostic; requires independent review and structure matching.,schema_and_quote_valid,,"[{""material_formula"": ""EuMnBi2"", ""type"": ""neel"", ""temperature_k"": 315, ""uncertainty_k"": null, ""qualifier"": ""reported_value"", ""sublattice"": ""Mn ions"", ""sample_conditions"": null, ""quote"": ""the antiferromagnetic transition temperature of Mn ions in EuMnBi2 is determined to be 315 K""}]"
2.51_EuMnBi2,train,19.0,neel,True,primary_paper_excerpt,https://arxiv.org/abs/1407.6203,10.1103/PhysRevB.90.075109,AMnBi2_candidate,False,unverified,False,False,False,cross_source_value_discrepancy;multiple_events_same_cif,"Source reports near 22 K, not local 19 K. Cross-sample discrepancy, not an automatic correction.",schema_and_quote_valid,approximation_not_preserved,"[{""material_formula"": ""EuMnBi2"", ""type"": ""neel"", ""temperature_k"": 22, ""uncertainty_k"": null, ""qualifier"": ""reported_value"", ""sublattice"": ""Eu"", ""sample_conditions"": null, ""quote"": ""Magnetic susceptibility measurements suggest antiferromagnetic (AFM) ordering of moments on divalent Eu ions near T_N=22K.""}]"
0.65_Fe2O3-alpha,test,955.0,neel,True,cited_background,https://www.sciencedirect.com/science/article/abs/pii/S0304885321007666,,corundum_candidate,False,unverified,False,False,False,canted_afm_not_conventional_fm,Hematite has canted AFM order and a weak net moment; do not equate weak ferromagnetism with the target FM/FiM class.,schema_and_quote_valid,,"[{""material_formula"": ""Fe2O3-alpha"", ""type"": ""neel"", ""temperature_k"": 955, ""uncertainty_k"": null, ""qualifier"": ""reported_value"", ""sublattice"": null, ""sample_conditions"": null, ""quote"": ""It is perhaps the best-known antiferromagnet, with a Néel temperature TN of 955 K""}]"
0.274_Mn4N,train,745.0,curie_candidate,True,cited_background_not_original_measurement,https://tsukuba.repo.nii.ac.jp/record/47579/file_preview/JCG_489.pdf,,antiperovskite_nitride_candidate,False,unverified,False,False,False,original_measurement_pending,Previously sourced diagnostic; requires independent review and structure matching.,schema_and_quote_valid,,"[{""material_formula"": ""Mn4N"", ""type"": ""curie"", ""temperature_k"": 745, ""uncertainty_k"": null, ""qualifier"": ""reported_value"", ""sublattice"": null, ""sample_conditions"": null, ""quote"": ""with a high Curie temperature of 745 K [3].""}]"
1.495_YMn2Si2,train,460.0,neel,True,primary_paper_excerpt,https://www.sciencedirect.com/science/article/pii/0038109881905329,10.1016/0038-1098(81)90532-9,ThCr2Si2_candidate,False,unverified,False,False,False,neel_not_curie,Temperature must be linked by respective order; 460 belongs to YMn2Si2.,schema_and_quote_valid,,"[{""material_formula"": ""YMn2Si2"", ""type"": ""neel"", ""temperature_k"": 460, ""uncertainty_k"": null, ""qualifier"": ""reported_value"", ""sublattice"": null, ""sample_conditions"": null, ""quote"": ""YMn2Si2 and YMn2Ge2""}]"
1.689_LuMn2Ge2,train,508.0,unknown,False,unresolved_primary_evidence,,,,False,unverified,False,False,False,primary_evidence_unresolved,Bounded searches performed; only indirect/related-compound leads found. Original MAGNDATA page unavailable. No label inferred.,skipped_no_evidence,,[]
1.253_CeCo2P2,train,440.0,neel,True,primary_paper_excerpt,https://www.sciencedirect.com/science/article/pii/S0925838897004866,10.1016/S0925-8388(97)00486-6,ThCr2Si2_candidate,False,unverified,False,False,False,neel_not_curie;reported_uncertainty,"Preserve 440(5) K, assign Co sublattice only where source context supports it.",failed,,[]
0.1024_BaFe2Se4,test,310.0,neel,True,primary_paper_excerpt,https://www.osti.gov/servlets/purl/1772614,10.1103/PhysRevB.102.180403,BaFe2X4_chain_candidate,False,unverified,False,False,False,canted_afm_not_conventional_fm;approximate_value,"Canted AFM, approximate 310 K; spontaneous moment does not establish a conventional ferromagnet.",schema_and_quote_valid,,"[{""material_formula"": ""BaFe2Se4"", ""type"": ""unknown"", ""temperature_k"": 310, ""uncertainty_k"": null, ""qualifier"": ""approximate"", ""sublattice"": null, ""sample_conditions"": null, ""quote"": ""unique magnetic transition at ~ 310 K caused by canted antiferromagnetic interactions between the neighboring Fe-Fe atoms""}]"
1.281_YBaCuFeO5,train,446.0,neel,True,primary_paper_excerpt,https://www.sciencedirect.com/science/article/abs/pii/003810989090535J,10.1016/0038-1098(90)90535-J,layered_YBaCuFeO5_candidate,False,unverified,False,False,False,neel_not_curie;oxygen_occupancy_match_pending,Paper concerns oxygen-nonstoichiometric phase; delta and Fe/Cu occupancy must match before using local structure.,schema_and_quote_valid,,"[{""material_formula"": ""YBaCuFeO5"", ""type"": ""neel"", ""temperature_k"": 446, ""uncertainty_k"": null, ""qualifier"": ""reported_value"", ""sublattice"": null, ""sample_conditions"": null, ""quote"": ""Below the antiferromagnetic ordering temperature TN = 446 K""}]"
0.836_DyFeO3,train,650.0,neel,True,cited_background,https://advanced.onlinelibrary.wiley.com/doi/10.1002/admi.202400938,10.1002/admi.202400938,orthoferrite_candidate,False,unverified,False,False,False,canted_afm_not_conventional_fm;fit_parameter_vs_measurement,Bulk background 645 K differs from local 650 K; article also fixes 650 K as a fit parameter. Do not treat a fixed parameter as a fresh measurement.,schema_and_quote_valid,,"[{""material_formula"": ""DyFeO3"", ""type"": ""neel"", ""temperature_k"": 645, ""uncertainty_k"": null, ""qualifier"": ""reported_value"", ""sublattice"": null, ""sample_conditions"": null, ""quote"": ""DyFeO3, a canted bulk antiferromagnet with a high Néel temperature (645 K)""}]"
0.619_LaMnAsO,test,317.0,unknown,True,primary_paper_excerpt,https://link.springer.com/article/10.1186/s40679-016-0019-9,10.1186/s40679-016-0019-9,1111_oxypnictide_candidate,False,unverified,False,False,False,impurity_attribution_conflict,"317 K is explicitly linked to MnAs impurity, NOT LaMnAsO. Quarantine target value, do not produce a negative Tc label.",schema_and_quote_valid,,[]
0.802_CuFeS2,train,823.0,neel,True,cited_background_author_uploaded,https://www.researchgate.net/publication/345127292_Low-temperature_synthesis_of_micro-_and_nano-crystalline_CuFeS2_polymorphs,10.1007/s42452-020-03729-4,chalcopyrite_candidate,False,unverified,False,False,False,neel_not_curie;phase_match_pending,"Original paper background on chalcopyrite phase, surfaced through indexed paper text; bulk/phase correspondence not verified.",schema_and_quote_valid,,"[{""material_formula"": ""CuFeS2"", ""type"": ""neel"", ""temperature_k"": 823, ""uncertainty_k"": null, ""qualifier"": ""reported_value"", ""sublattice"": null, ""sample_conditions"": null, ""quote"": ""antiferromagnetic ordering below its Néel temperature, TN = 823 K""}]"
0.279_Mn3As,train,420.0,unknown,False,unresolved_primary_evidence,,,,False,unverified,False,False,False,primary_evidence_unresolved,Bounded searches performed; only indirect/related-compound leads found. Original MAGNDATA page unavailable. No label inferred.,skipped_no_evidence,,[]
1.420_YBa2Cu3O6,train,420.0,neel,True,cited_background,https://www.ncnr.nist.gov/staff/jeff/NCCOprb68%20144503%202003.pdf,10.1103/PhysRevB.68.144503,123_cuprate_candidate,False,unverified,False,False,False,insufficient_context;original_measurement_pending,Short background excerpts lack full value-order context. Use as retrieval lead; original YBa2Cu3O6 measurement needed.,schema_and_quote_valid,,[]
0.617_KMnSb,test,295.0,unknown,True,database_record,https://www.cryst.ehu.es/magndata/index.php?this_label=0.617,10.1002/(SICI)1521-3749(199901)625:1<31::AID-ZAAC31>3.0.CO;2-S,,False,database_id_matched_coordinates_unverified,False,False,False,upper_bound_lost;event_type_unknown,Exact MAGNDATA record ID matched. Transition upper bound lost in CSV. Experiment temperature is NOT an event. Magnetic type not explicit in excerpt.,schema_and_quote_valid,,"[{""material_formula"": ""KMnSb"", ""type"": ""unknown"", ""temperature_k"": 295, ""uncertainty_k"": null, ""qualifier"": ""upper_bound"", ""sublattice"": null, ""sample_conditions"": null, ""quote"": ""Transition Temperature: <295 K""}]"
1.292_HoNi2B2C,train,2.0,unknown,True,primary_paper_excerpt,https://www.sciencedirect.com/science/article/abs/pii/S0304885300009756,,borocarbide_candidate,False,unverified,False,False,False,transition_vs_measurement_unresolved;superconducting_tc_ambiguity,Local 2 K not established as a transition; possible measurement/context mismatch. Do not replace it by 5 or 6 K without original record.,schema_and_quote_valid,,"[{""material_formula"": ""HoNi2B2C"", ""type"": ""superconducting"", ""temperature_k"": 8, ""uncertainty_k"": null, ""qualifier"": ""approximate"", ""sublattice"": null, ""sample_conditions"": null, ""quote"": ""superconductivity (TC≈8 K)""}, {""material_formula"": ""HoNi2B2C"", ""type"": ""neel"", ""temperature_k"": 6, ""uncertainty_k"": null, ""qualifier"": ""approximate"", ""sublattice"": null, ""sample_conditions"": null, ""quote"": ""magnetism (TN≈6 K)""}]"
0.909_Er2PtGe6,val,9.0,neel,True,primary_paper_excerpt,https://ruj.uj.edu.pl/server/api/core/bitstreams/dda3ca05-1a5e-4955-a8dd-f3859cee9c2b/content,10.1016/j.jmmm.2020.167152,Yb2PdGe6_candidate,False,unverified,False,False,False,cross_source_value_discrepancy;neel_not_curie,Original paper reports 4.9 K for Er2PtGe6; local 9 K is a conflict requiring original record correspondence.,schema_and_quote_valid,,"[{""material_formula"": ""Er2PtGe6"", ""type"": ""neel"", ""temperature_k"": 4.9, ""uncertainty_k"": null, ""qualifier"": ""reported_value"", ""sublattice"": null, ""sample_conditions"": null, ""quote"": ""antiferromagnetic with the Néel temperatures ranging from 4.9 K for Er2PtGe6 up to 48 K for Tb2PdGe6.""}]"
0.36_NiF2,val,73.0,neel,True,primary_paper_excerpt,https://www.sciencedirect.com/science/article/pii/S0304885306018324,10.1016/j.jmmm.2006.10.607,rutile_candidate,False,unverified,False,False,False,canted_afm_not_conventional_fm,Canted rutile antiferromagnet; target event is not Curie.,schema_and_quote_valid,,"[{""material_formula"": ""NiF2"", ""type"": ""neel"", ""temperature_k"": 73, ""uncertainty_k"": null, ""qualifier"": ""reported_value"", ""sublattice"": null, ""sample_conditions"": null, ""quote"": ""rutile structure antiferromagnet NiF2 (S=1, TN=73 K)""}]"
0.327_CsMnF4,val,9.0,unknown,True,primary_paper_excerpt,https://www.sciencedirect.com/science/article/abs/pii/0022459680905599,10.1016/0022-4596(80)90559-9,CsFeF4_layer_candidate,False,unverified,False,False,False,fm_order_supported_temperature_unverified,Ferromagnetic structure supported; this excerpt does not establish 9 K or the transition itself. Curie candidate pending temperature evidence.,schema_and_quote_valid,,[]
2.11_TbMg,train,81.0,unknown,False,unresolved_primary_evidence,,,,False,unverified,False,False,False,primary_evidence_unresolved,Bounded searches performed; only indirect/related-compound leads found. Original MAGNDATA page unavailable. No label inferred.,skipped_no_evidence,,[]
1.314_NaFeSi2O6,train,8.0,other,True,primary_thesis_abstract,https://kups.ub.uni-koeln.de/5258/,,pyroxene_candidate,False,unverified,False,False,False,multiple_events;natural_vs_synthetic,"Primary experimental thesis abstract: 8 K spin-density wave onset, 6 K helix; natural versus synthetic samples differ.",schema_and_quote_valid,,[]
1.0.59_Na2MnTeO6,val,5.0,neel,True,primary_paper_excerpt,https://oiks.pnpi.spb.ru/articles/953,10.1103/PhysRevB.105.064416,2H_Na2MnTeO6_candidate,False,unverified,False,False,False,polytype_match_pending;cross_source_value_discrepancy,"P-31c (163) phase in source consistent with local SG, but coordinates not matched. 3R R-3 polytype is distinct; do not transfer its absence of order.",schema_and_quote_valid,,"[{""material_formula"": ""Na2MnTeO6"", ""type"": ""neel"", ""temperature_k"": 5.5, ""uncertainty_k"": null, ""qualifier"": ""reported_value"", ""sublattice"": null, ""sample_conditions"": null, ""quote"": ""Na2MnTeO6 experiences an antiferromagnetic order at TN = 5.5 K.""}]"
1.775_CaCu3Ti4O12,train,27.0,neel,True,primary_paper_excerpt,https://www.sciencedirect.com/science/article/abs/pii/S0038109802000613,10.1016/S0038-1098(02)00061-3,quadruple_perovskite_candidate,False,unverified,False,False,False,cross_sample_value_discrepancy;neel_not_curie,"Single crystal source gives 24.1(1) K, while older powder work may give 27 K. Preserve sample-dependent discrepancy.",schema_and_quote_valid,,[]
1.68_NaNdFeWO6,train,25.0,neel,True,primary_paper_excerpt,https://www.ornl.gov/publication/polar-and-magnetic-layered-site-and-rock-salt-b-site-ordered-nalnfewo6-ln-la-nd,,AAprimeFeWO6_candidate,False,unverified,False,False,False,possible_cross_compound_attribution;neel_not_curie,"25 K belongs to La compound in this paper, ~21 K to Nd. Potential cross-compound attribution error; retain local value pending record match.",schema_and_quote_valid,,"[{""material_formula"": ""NaNdFeWO6"", ""type"": ""neel"", ""temperature_k"": 21, ""uncertainty_k"": null, ""qualifier"": ""approximate"", ""sublattice"": null, ""sample_conditions"": null, ""quote"": ""at ∼21 K for NaNdFeWO6""}]"
